"idioma";"texto"
"portugues";"A chegada do verão traz consigo o sol escaldante e a brisa refrescante do mar."
"portugues";"O protagonista da história era um jovem corajoso, disposto a enfrentar qualquer desafio."
"portugues";"Os cientistas realizaram um estudo detalhado para analisar os efeitos do novo medicamento."
"portugues";"A praia estava repleta de banhistas aproveitando o dia ensolarado."
"portugues";"O artista apresentou uma exposição de suas obras de arte no renomado museu."
"portugues";"O livro narra a emocionante jornada de um viajante solitário em busca da felicidade."
"portugues";"O filme ganhou diversos prêmios por sua cinematografia impressionante e sua narrativa envolvente."
"portugues";"O mercado está cada vez mais competitivo, exigindo que as empresas inovem constantemente."
"portugues";"A cidade estava em festa, com música, dança e alegria espalhadas por todos os cantos."
"portugues";"O professor explicou de forma clara e concisa o conteúdo da aula, facilitando o entendimento dos alunos."
"portugues";"A chuva torrencial inundou as ruas, causando transtornos no trânsito da cidade."
"portugues";"O atleta se dedicou intensamente aos treinos e conquistou a medalha de ouro nas Olimpíadas."
"portugues";"A reunião foi produtiva, com os participantes discutindo ideias e propondo soluções."
"portugues";"O casal apaixonado caminhou de mãos dadas pela praça, compartilhando momentos de cumplicidade."
"portugues";"A criança sorriu ao receber o presente, expressando sua felicidade de forma contagiante."
"portugues";"A paisagem deslumbrante do pôr do sol refletia-se nas águas calmas do lago."
"portugues";"O escritor renomado lançou seu mais recente romance, que se tornou um best-seller imediatamente."
"portugues";"O time de futebol venceu a partida com um gol nos últimos minutos, levando a torcida ao delírio."
"portugues";"A empresa anunciou a abertura de novas vagas de emprego, gerando esperança para os desempregados."
"portugues";"A crise econômica afetou severamente a indústria, resultando em demissões em massa."
"portugues";"A comida caseira servida no restaurante era saborosa e feita com ingredientes frescos."
"portugues";"O museu abrigava uma vasta coleção de arte contemporânea, atraindo visitantes de todo o mundo."
"portugues";"A natureza exuberante da floresta encantava os exploradores que se aventuravam por suas trilhas."
"portugues";"O político discursou sobre a importância da educação como base para o desenvolvimento do país."
"portugues";"O sorriso no rosto da idosa era um reflexo da gratidão que sentia pelos cuidados recebidos."
"portugues";"A cantora emocionou a plateia com sua voz potente e interpretação cheia de sentimento."
"portugues";"O projeto de construção do novo prédio foi aprovado, trazendo perspectivas de crescimento para a cidade."
"portugues";"O estilista lançou uma nova coleção de roupas inspirada nas tendências internacionais da moda."
"portugues";"A tecnologia avançada permitiu a criação de dispositivos inteligentes que facilitam o dia a dia das pessoas."
"portugues";"O livro de autoajuda oferece dicas práticas para alcançar o equilíbrio emocional e a felicidade plena."
"ingles";"The city skyline was illuminated by the vibrant colors of the fireworks, creating a mesmerizing display."
"ingles";"The young girl eagerly opened the gift, her eyes sparkling with excitement."
"ingles";"The novel explores themes of love, betrayal, and redemption in a captivating narrative."
"ingles";"The scientist conducted a series of experiments to test the hypothesis and analyze the results."
"ingles";"The majestic mountains stretched as far as the eye could see, creating a breathtaking panorama."
"ingles";"The company implemented a new strategy to improve efficiency and increase productivity."
"ingles";"The actor delivered a powerful performance that left the audience in awe."
"ingles";"The museum exhibits showcased a diverse collection of artwork from different periods in history."
"ingles";"The rain poured down relentlessly, drenching everything in its path."
"ingles";"The teacher provided clear explanations and examples to help the students understand the concept."
"ingles";"The sun cast a golden glow over the tranquil lake, reflecting the beauty of nature."
"ingles";"The athlete broke the world record, achieving a remarkable feat in their sport."
"ingles";"The concert was a sensory delight, with vibrant visuals and captivating music."
"ingles";"The entrepreneur started a successful business from scratch, overcoming numerous challenges."
"ingles";"The ancient ruins stood as a testament to a bygone era, captivating the imagination of visitors."
"ingles";"The speaker delivered an inspiring keynote speech that resonated with the audience."
"ingles";"The bustling city streets were filled with the sounds of traffic and people going about their day."
"ingles";"The novel's plot twists kept readers on the edge of their seats, eager to uncover the truth."
"ingles";"The photographer captured a breathtaking sunset, with hues of orange and pink painting the sky."
"ingles";"The technology revolutionized the way we communicate, connecting people across the globe."
"ingles";"The team celebrated their hard-earned victory, cheering and embracing each other."
"ingles";"The fashion designer showcased their latest collection on the runway, receiving rave reviews."
"ingles";"The documentary shed light on important social issues, sparking a conversation for change."
"ingles";"The newborn baby's cry filled the room, bringing joy and excitement to the new parents."
"ingles";"The professor's lecture was thought-provoking, challenging the students to question their assumptions."
"ingles";"The beach stretched for miles, with soft sand and crystal-clear waters inviting visitors to relax."
"ingles";"The CEO delivered a passionate speech, outlining the company's vision for the future."
"ingles";"The train whizzed by, its lights flashing and horn blaring, as it rushed towards its destination."
"ingles";"The wildlife safari offered a glimpse into the untamed beauty of nature, with animals in their natural habitat."
"ingles";"The medical breakthrough gave hope to patients suffering from a previously incurable disease."
"espanhol";"El sol brillaba intensamente en el cielo despejado, iluminando el paisaje con su cálido resplandor."
"espanhol";"El perro ladró fuerte, alertando a su dueño de la presencia de un extraño."
"espanhol";"El viajero cansado encontró refugio en una pequeña posada en medio de la montaña."
"espanhol";"La fiesta estaba en pleno apogeo, con música, baile y risas por todas partes."
"espanhol";"El pintor talentoso creó una obra maestra que capturaba la belleza del paisaje marino."
"espanhol";"La película provocó una variedad de emociones en el público, desde risas hasta lágrimas."
"espanhol";"El equipo de fútbol celebró su victoria con entusiasmo y alegría desbordante."
"espanhol";"La comida picante dejó un sabor intenso en el paladar, despertando los sentidos."
"espanhol";"El actor principal interpretó su papel con maestría, cautivando al público con su actuación."
"espanhol";"El libro de historia relata los acontecimientos que llevaron a la caída de un imperio antiguo."
"espanhol";"El investigador presentó los resultados de su estudio en una conferencia internacional."
"espanhol";"La artista exhibió sus esculturas en una galería de arte reconocida a nivel mundial."
"espanhol";"El río fluía suavemente, reflejando los colores vibrantes del paisaje circundante."
"espanhol";"La ciudad estaba envuelta en una densa niebla, creando una atmósfera misteriosa."
"espanhol";"El músico talentoso tocó su guitarra con destreza, llenando el ambiente con su melodía."
"espanhol";"El niño observaba maravillado los fuegos artificiales que iluminaban el cielo nocturno."
"espanhol";"El director de la empresa anunció la apertura de nuevas sucursales en todo el país."
"espanhol";"La crisis económica afectó a la industria, resultando en despidos masivos."
"espanhol";"La familia disfrutaba de un tranquilo paseo por el parque, disfrutando del buen tiempo."
"espanhol";"El sol se ponía lentamente en el horizonte, tiñendo el cielo de tonos dorados y rojizos."
"espanhol";"El escritor famoso publicó su última novela, que rápidamente se convirtió en un éxito de ventas."
"espanhol";"El estudiante dedicado se esforzó al máximo y logró obtener excelentes calificaciones en sus exámenes."
"espanhol";"El chef preparó un plato exquisito con ingredientes frescos y de alta calidad."
"espanhol";"El atleta se preparó arduamente para la competencia y finalmente alcanzó la medalla de oro."
"espanhol";"La actriz brilló en el escenario con su interpretación convincente y llena de pasión."
"espanhol";"El arquitecto diseñó un edificio moderno y funcional que se integra perfectamente con el entorno."
"espanhol";"La música suave y melódica llenaba el ambiente, creando una atmósfera de paz y tranquilidad."
"espanhol";"El mercado estaba abarrotado de gente, comprando productos frescos y coloridos en los puestos."
"espanhol";"La sociedad actual enfrenta numerosos desafíos, desde el cambio climático hasta la desigualdad social."
"espanhol";"El profesor explicó los conceptos complejos de manera clara y comprensible para los estudiantes."
"alemao";"Die Sonne strahlte am blauen Himmel und tauchte die Landschaft in warmes Licht."
"alemao";"Das Kind spielte fröhlich im Park und genoss die Sonne und frische Luft."
"alemao";"Der talentierte Maler malte ein Bild, das die Schönheit der Meereslandschaft einfing."
"alemao";"Die Stadt war erfüllt von Geräuschen, Stimmen und dem Klang von Autos."
"alemao";"Der strömende Regen machte die Straßen rutschig und Regenschirme waren überall zu sehen."
"alemao";"Die Familie versammelte sich um den Tisch, um ein köstliches hausgemachtes Mittagessen zu teilen."
"alemao";"Der Film war voller Spannung und Wendungen, die das Publikum in Atem hielten."
"alemao";"Der Sänger begeisterte das Publikum mit seiner kraftvollen Stimme und seiner magnetischen Präsenz."
"alemao";"Die frische Pasta des Küchenchefs war eine Explosion von köstlichen Aromen und Düften."
"alemao";"Der Athlet trainierte hart, um in Topform für den Wettkampf zu sein."
"alemao";"Der romantische Roman erzählt eine fesselnde Geschichte von Liebe und Schicksal."
"alemao";"Der Markt war überfüllt mit Menschen, die einkauften und angeregt miteinander sprachen."
"alemao";"Das Bauprojekt für das neue Gebäude wurde genehmigt und brachte Schwung in die lokale Wirtschaft."
"alemao";"Der Politiker hielt eine leidenschaftliche Rede über die Bedeutung von Bildung für die Zukunft des Landes."
"alemao";"Die historische Stadt war ein Labyrinth aus kopfsteingepflasterten Gassen und faszinierenden alten Gebäuden."
"alemao";"Der Klang der Wellen, die an den Strand rollten, schuf eine entspannte Atmosphäre."
"alemao";"Die sanfte Melodie des Klaviers erfüllte den Raum und schuf eine Atmosphäre der Ruhe."
"alemao";"Der Koch bereitete ein Gourmet-Abendessen zu, indem er frische und hochwertige Zutaten geschickt kombinierte."
"alemao";"Das Kochbuch enthielt traditionelle Rezepte, die die Kultur des Landes repräsentierten."
"alemao";"Der Frühling brachte die Wiederbelebung der Natur mit sich, mit bunten Blumen, die überall blühten."
"alemao";"Der abenteuerlustige Reisende erkundete die Welt und entdeckte verschiedene Kulturen und faszinierende Orte."
"alemao";"Der imposante Berg erhob sich majestätisch und bot eine atemberaubende Aussicht auf das darunterliegende Tal."
"alemao";"Der erfahrene Arzt gab wertvolle Ratschläge zur Erhaltung von körperlicher und mentaler Gesundheit."
"alemao";"Die Tanzkompanie führte eine herausragende Vorstellung auf, die das Publikum begeisterte."
"alemao";"Das Museum präsentierte eine vielfältige Sammlung von Kunstwerken aus verschiedenen Epochen."
"alemao";"Der Liebe zwischen den beiden Hauptfiguren des Films war so intensiv, dass sie das Herz der Zuschauer berührte."
"alemao";"Der talentierte Komponist schuf eine bewegende Sinfonie, die das Publikum begeisterte."
"alemao";"Die Stadt war für ihre exquisite Küche bekannt und bot eine Vielzahl von hochwertigen Restaurants."
"alemao";"Der Sonnenuntergang malte den Himmel mit orangen und rosa Farbtönen und schuf eine magische Atmosphäre."
"alemao";"Das historische Museum erzählte die Geschichte des Landes anhand von kostbaren Artefakten und Dokumenten."
"frances";"La ville était animée par les sons des voitures et des conversations animées des passants."
"frances";"Le soleil se levait lentement à l'horizon, répandant ses rayons dorés sur la campagne."
"frances";"Le chef cuisinier préparait un délicieux festin, mélangeant habilement les saveurs et les textures."
"frances";"Le roman captivant racontait l'histoire d'une femme courageuse qui défiait les conventions sociales."
"frances";"Le tableau du peintre célèbre dépeignait un paysage enchanteur baigné de couleurs vives."
"frances";"La danseuse étoile exécutait des mouvements gracieux et élégants, captivant le public."
"frances";"Le château médiéval se dressait fièrement sur la colline, témoignant de son riche passé historique."
"frances";"La musique douce et mélodieuse emplissait la pièce, créant une atmosphère de sérénité."
"frances";"Le marchand ambulant vendait ses produits frais sur le marché animé de la ville."
"frances";"Le joueur de football marqua un superbe but, déclenchant l'enthousiasme des supporters."
"frances";"La tempête rugissante secouait les arbres, faisant voler les feuilles dans tous les sens."
"frances";"Le médecin expérimenté prodiguait des soins attentionnés à ses patients, les aidant à guérir."
"frances";"Le film poignant racontait l'histoire bouleversante d'une famille séparée par la guerre."
"frances";"La journée ensoleillée invitait les gens à sortir et à profiter de la nature."
"frances";"Le musicien talentueux jouait du piano avec virtuosité, envoûtant l'auditoire par sa musique."
"frances";"La ville pittoresque était entourée de paysages magnifiques, offrant de superbes opportunités de randonnée."
"frances";"Le parfum envoûtant des fleurs embaumait l'air, créant une ambiance romantique."
"frances";"La pièce de théâtre divertissante faisait rire aux éclats le public, avec ses répliques hilarantes."
"frances";"Le scientifique faisait des découvertes révolutionnaires qui ouvraient de nouvelles perspectives de recherche."
"frances";"Le voyageur curieux explorait les rues étroites de la vieille ville, découvrant des trésors cachés."
"frances";"La voix de l'opéra était puissante et émouvante, remplissant la salle de son timbre envoûtant."
"frances";"Le poète écrivait des vers inspirés, exprimant ses émotions les plus profondes."
"frances";"La mode française était réputée dans le monde entier pour son style élégant et sophistiqué."
"frances";"Le café pittoresque était le lieu de rendez-vous préféré des artistes et des intellectuels."
"frances";"La conférence internationale réunissait des experts de différents pays pour discuter des enjeux mondiaux."
"frances";"Le village côtier offrait des paysages époustouflants, avec ses falaises escarpées et ses plages de sable fin."
"frances";"Le roman policier était rempli de rebondissements et de mystères, tenant le lecteur en haleine jusqu'à la fin."
"frances";"Le parfum délicat des croissants fraîchement sortis du four emplissait la boulangerie."
"frances";"La réunion d'affaires était l'occasion de discuter des nouveaux projets et des objectifs de l'entreprise."
"frances";"Le monument emblématique était un symbole de fierté nationale, attirant des milliers de visiteurs chaque année."
"italiano";"Il bambino saltellava felice nel parco, godendosi il sole e l'aria fresca."
"italiano";"Il pittore talentuoso dipinse un quadro che catturava la bellezza del paesaggio marino."
"italiano";"La città era animata da rumori, voci e il suono dei motori delle auto."
"italiano";"La pioggia battente rendeva le strade scivolose e gli ombrelli erano ovunque."
"italiano";"La famiglia si riunì attorno al tavolo per condividere un delizioso pranzo fatto in casa."
"italiano";"Il film era pieno di suspense e colpi di scena, tenendo il pubblico sulle spine."
"italiano";"Il cantante emozionò il pubblico con la sua voce potente e la sua presenza magnetica."
"italiano";"La pasta fresca preparata dallo chef era un tripudio di sapori e profumi deliziosi."
"italiano";"L'atleta si allenò duramente per raggiungere la forma fisica ottimale per la gara."
"italiano";"Il romanzo romantico racconta una storia appassionante di amore e destino."
"italiano";"Il mercato era affollato di persone che facevano la spesa e chiacchieravano animatamente."
"italiano";"Il progetto di costruzione del nuovo edificio è stato approvato, dando impulso all'economia locale."
"italiano";"Il politico pronunciò un discorso appassionato sull'importanza dell'istruzione per il futuro del paese."
"italiano";"La città storica era un labirinto di stradine acciottolate e antichi edifici di grande fascino."
"italiano";"Il suono delle onde che si infrangevano sulla riva creava un'atmosfera rilassante."
"italiano";"La dolce melodia del pianoforte riempiva la stanza, creando un'atmosfera di tranquillità."
"italiano";"Il cuoco preparò una cena gourmet, combinando sapientemente ingredienti freschi e di alta qualità."
"italiano";"Il libro di cucina conteneva ricette tradizionali che rappresentavano la cultura del paese."
"italiano";"La primavera portò con sé la rinascita della natura, con fiori colorati che sbocciavano ovunque."
"italiano";"Il viaggiatore avventuroso si immerse nella cultura locale, scoprendo tradizioni uniche."
"italiano";"La montagna imponente si ergeva maestosa, offrendo una vista spettacolare sulla valle sottostante."
"italiano";"Il medico esperto fornì consigli preziosi per mantenere una buona salute fisica e mentale."
"italiano";"La compagnia di danza eseguì una performance eccezionale che incantò il pubblico presente."
"italiano";"Il museo ospitava una vasta collezione di opere d'arte, dalle sculture ai dipinti famosi."
"italiano";"L'amore tra i due protagonisti del film era così intenso da toccare il cuore dello spettatore."
"italiano";"Il compositore talentuoso creò una sinfonia commovente che emozionò il pubblico presente."
"italiano";"La città era famosa per la sua cucina raffinata, offrendo una vasta scelta di ristoranti di alta qualità."
"italiano";"Il tramonto dipingeva il cielo con sfumature arancioni e rosa, creando un'atmosfera magica."
"italiano";"Il museo storico raccontava la storia del paese attraverso reperti e documenti preziosi."
"italiano";"Il libro di poesie era una raccolta di versi intensi e profondi, che toccavano l'anima del lettore."
